<?xml version="1.0" encoding="UTF-8"?>

<BugCollection version="4.2.3" sequence="22" timestamp="1619326912393" analysisTimestamp="1619326911938" release="">
  <Project projectName="Static code Analysis">
    <Jar>C:\Users\AK\eclipse-workspace\Static code Analysis\bin\SecondSmallest.class</Jar>
    <AuxClasspathEntry>C:\Users\AK\eclipse-workspace\Static code Analysis\bin</AuxClasspathEntry>
    <AuxClasspathEntry>C:\Program Files\Java\jre1.8.0_291\lib\rt.jar</AuxClasspathEntry>
    <AuxClasspathEntry>C:\Program Files\Java\jre1.8.0_291\lib\jce.jar</AuxClasspathEntry>
    <SrcDir>C:\Users\AK\eclipse-workspace\Static code Analysis\src</SrcDir>
  </Project>
  <BugInstance type="DLS_DEAD_LOCAL_STORE" priority="2" rank="17" abbrev="DLS" category="STYLE" first="2" last="4" removedByChange="true">
    <Class classname="Register">
      <SourceLine classname="Register" sourcefile="Register.java" sourcepath="Register.java"/>
    </Class>
    <Method classname="Register" name="IndividualValidation" signature="()V" isStatic="true">
      <SourceLine classname="Register" start="40" end="46" startBytecode="0" endBytecode="12" sourcefile="Register.java" sourcepath="Register.java"/>
    </Method>
    <LocalVariable name="dropDown" register="0" pc="5" role="LOCAL_VARIABLE_NAMED"/>
    <SourceLine classname="Register" start="41" end="41" startBytecode="4" endBytecode="4" sourcefile="Register.java" sourcepath="Register.java"/>
    <SourceLine classname="Register" start="41" end="41" startBytecode="4" endBytecode="4" sourcefile="Register.java" sourcepath="Register.java"/>
    <Property name="edu.umd.cs.findbugs.detect.DeadLocalStoreProperty.BASE_VALUE" value="true"/>
    <Property name="edu.umd.cs.findbugs.detect.DeadLocalStoreProperty.LOCAL_NAME" value="dropDown"/>
    <Property name="edu.umd.cs.findbugs.detect.DeadLocalStoreProperty.NO_LOADS" value="true"/>
  </BugInstance>
  <BugInstance type="DM_EXIT" priority="3" rank="19" abbrev="Dm" category="BAD_PRACTICE" first="2" last="4" removedByChange="true">
    <Class classname="Register">
      <SourceLine classname="Register" sourcefile="Register.java" sourcepath="Register.java"/>
    </Class>
    <Method classname="Register" name="IndividualValidation" signature="()V" isStatic="true">
      <SourceLine classname="Register" start="40" end="46" startBytecode="0" endBytecode="98" sourcefile="Register.java" sourcepath="Register.java"/>
    </Method>
    <SourceLine classname="Register" start="44" end="44" startBytecode="20" endBytecode="20" sourcefile="Register.java" sourcepath="Register.java"/>
    <SourceLine classname="Register" start="44" end="44" startBytecode="20" endBytecode="20" sourcefile="Register.java" sourcepath="Register.java"/>
  </BugInstance>
  <BugInstance type="ES_COMPARING_STRINGS_WITH_EQ" priority="3" rank="14" abbrev="ES" category="BAD_PRACTICE" first="2" last="4" removedByChange="true">
    <Class classname="Register">
      <SourceLine classname="Register" sourcefile="Register.java" sourcepath="Register.java"/>
    </Class>
    <Method classname="Register" name="individualInput" signature="()V" isStatic="false">
      <SourceLine classname="Register" start="30" end="35" startBytecode="0" endBytecode="17" sourcefile="Register.java" sourcepath="Register.java"/>
    </Method>
    <Type descriptor="Ljava/lang/String;" role="TYPE_FOUND">
      <SourceLine classname="java.lang.String"/>
    </Type>
    <String value="Business" role="STRING_CONSTANT"/>
    <Field classname="Register" name="typeOfUser" signature="Ljava/lang/String;" isStatic="false" role="FIELD_VALUE_OF">
      <SourceLine classname="Register" sourcefile="Register.java" sourcepath="Register.java"/>
    </Field>
    <SourceLine classname="Register" start="32" end="32" startBytecode="26" endBytecode="26" sourcefile="Register.java" sourcepath="Register.java"/>
    <SourceLine classname="Register" start="32" end="32" startBytecode="26" endBytecode="26" sourcefile="Register.java" sourcepath="Register.java"/>
    <Property name="edu.umd.cs.findbugs.detect.RefComparisonWarningProperty.STATIC_AND_UNKNOWN" value="true"/>
  </BugInstance>
  <BugInstance type="ES_COMPARING_STRINGS_WITH_EQ" priority="3" rank="14" abbrev="ES" category="BAD_PRACTICE" first="2" last="4" removedByChange="true">
    <Class classname="Register">
      <SourceLine classname="Register" sourcefile="Register.java" sourcepath="Register.java"/>
    </Class>
    <Method classname="Register" name="individualInput" signature="()V" isStatic="false">
      <SourceLine classname="Register" start="30" end="35" startBytecode="0" endBytecode="17" sourcefile="Register.java" sourcepath="Register.java"/>
    </Method>
    <Type descriptor="Ljava/lang/String;" role="TYPE_FOUND">
      <SourceLine classname="java.lang.String"/>
    </Type>
    <String value="Individual" role="STRING_CONSTANT"/>
    <Field classname="Register" name="typeOfUser" signature="Ljava/lang/String;" isStatic="false" role="FIELD_VALUE_OF">
      <SourceLine classname="Register" sourcefile="Register.java" sourcepath="Register.java"/>
    </Field>
    <SourceLine classname="Register" start="30" end="30" startBytecode="6" endBytecode="6" sourcefile="Register.java" sourcepath="Register.java"/>
    <SourceLine classname="Register" start="30" end="30" startBytecode="6" endBytecode="6" sourcefile="Register.java" sourcepath="Register.java"/>
    <Property name="edu.umd.cs.findbugs.detect.RefComparisonWarningProperty.STATIC_AND_UNKNOWN" value="true"/>
  </BugInstance>
  <BugInstance type="MS_SHOULD_BE_FINAL" priority="2" rank="18" abbrev="MS" category="MALICIOUS_CODE" first="5" last="8" removedByChange="true">
    <Class classname="Register">
      <SourceLine classname="Register" sourcefile="Register.java" sourcepath="Register.java"/>
    </Class>
    <Field classname="Register" name="dropDown" signature="Z" isStatic="true">
      <SourceLine classname="Register" sourcefile="Register.java" sourcepath="Register.java"/>
    </Field>
    <SourceLine classname="Register" start="43" end="43" startBytecode="1" endBytecode="1" sourcefile="Register.java" sourcepath="Register.java"/>
  </BugInstance>
  <BugInstance type="NM_FIELD_NAMING_CONVENTION" priority="3" rank="19" abbrev="Nm" category="BAD_PRACTICE" first="12" last="12" removedByChange="true">
    <Class classname="Register">
      <SourceLine classname="Register" sourcefile="Register.java" sourcepath="Register.java"/>
    </Class>
    <Field classname="Register" name="Value" signature="Z" isStatic="true">
      <SourceLine classname="Register" start="43" end="43" startBytecode="0" endBytecode="0" sourcefile="Register.java" sourcepath="Register.java"/>
    </Field>
  </BugInstance>
  <BugInstance type="NM_FIELD_NAMING_CONVENTION" priority="3" rank="19" abbrev="Nm" category="BAD_PRACTICE" first="9" last="9" removedByChange="true">
    <Class classname="Register">
      <SourceLine classname="Register" sourcefile="Register.java" sourcepath="Register.java"/>
    </Class>
    <Field classname="Register" name="dropDown" signature="Z" isStatic="true">
      <SourceLine classname="Register" start="43" end="43" startBytecode="0" endBytecode="0" sourcefile="Register.java" sourcepath="Register.java"/>
    </Field>
  </BugInstance>
  <BugInstance type="NM_FIELD_NAMING_CONVENTION" priority="3" rank="19" abbrev="Nm" category="BAD_PRACTICE" first="10" last="10" removedByChange="true">
    <Class classname="Register">
      <SourceLine classname="Register" sourcefile="Register.java" sourcepath="Register.java"/>
    </Class>
    <Field classname="Register" name="dropdown" signature="Z" isStatic="true">
      <SourceLine classname="Register" start="43" end="43" startBytecode="0" endBytecode="0" sourcefile="Register.java" sourcepath="Register.java"/>
    </Field>
  </BugInstance>
  <BugInstance type="NM_FIELD_NAMING_CONVENTION" priority="3" rank="19" abbrev="Nm" category="BAD_PRACTICE" first="11">
    <Class classname="Register">
      <SourceLine classname="Register" sourcefile="Register.java" sourcepath="Register.java"/>
    </Class>
    <Field classname="Register" name="value" signature="Z" isStatic="true">
      <SourceLine classname="Register" sourcefile="Register.java" sourcepath="Register.java"/>
    </Field>
  </BugInstance>
  <BugInstance type="NM_METHOD_NAMING_CONVENTION" priority="2" rank="16" abbrev="Nm" category="BAD_PRACTICE" first="2" last="7" removedByChange="true">
    <Class classname="Register">
      <SourceLine classname="Register" sourcefile="Register.java" sourcepath="Register.java"/>
    </Class>
    <Method classname="Register" name="IndividualValidation" signature="()V" isStatic="true">
      <SourceLine classname="Register" start="43" end="48" startBytecode="0" endBytecode="76" sourcefile="Register.java" sourcepath="Register.java"/>
    </Method>
  </BugInstance>
  <BugInstance type="NM_METHOD_NAMING_CONVENTION" priority="3" rank="19" abbrev="Nm" category="BAD_PRACTICE" first="2" last="7" removedByChange="true">
    <Class classname="Register">
      <SourceLine classname="Register" sourcefile="Register.java" sourcepath="Register.java"/>
    </Class>
    <Method classname="Register" name="IndividualValidation" signature="()V" isStatic="true">
      <SourceLine classname="Register" start="43" end="48" startBytecode="0" endBytecode="76" sourcefile="Register.java" sourcepath="Register.java"/>
    </Method>
  </BugInstance>
  <BugInstance type="QBA_QUESTIONABLE_BOOLEAN_ASSIGNMENT" priority="1" rank="5" abbrev="QBA" category="CORRECTNESS" first="2" last="4" removedByChange="true">
    <Class classname="Register">
      <SourceLine classname="Register" sourcefile="Register.java" sourcepath="Register.java"/>
    </Class>
    <Method classname="Register" name="IndividualValidation" signature="()V" isStatic="true">
      <SourceLine classname="Register" start="40" end="46" startBytecode="0" endBytecode="98" sourcefile="Register.java" sourcepath="Register.java"/>
    </Method>
    <SourceLine classname="Register" start="41" end="41" startBytecode="5" endBytecode="5" sourcefile="Register.java" sourcepath="Register.java"/>
  </BugInstance>
  <BugInstance type="UWF_NULL_FIELD" priority="2" rank="12" abbrev="UwF" category="CORRECTNESS" first="2" last="4" removedByChange="true">
    <Class classname="Register">
      <SourceLine classname="Register" sourcefile="Register.java" sourcepath="Register.java"/>
    </Class>
    <Field classname="Register" name="name" signature="Ljava/lang/String;" isStatic="false">
      <SourceLine classname="Register" sourcefile="Register.java" sourcepath="Register.java"/>
    </Field>
    <SourceLine classname="Register" start="10" end="10" startBytecode="11" endBytecode="11" sourcefile="Register.java" sourcepath="Register.java"/>
  </BugInstance>
  <BugInstance type="UWF_NULL_FIELD" priority="2" rank="12" abbrev="UwF" category="CORRECTNESS" first="2" last="4" removedByChange="true">
    <Class classname="Register">
      <SourceLine classname="Register" sourcefile="Register.java" sourcepath="Register.java"/>
    </Class>
    <Field classname="Register" name="typeOfUser" signature="Ljava/lang/String;" isStatic="false">
      <SourceLine classname="Register" sourcefile="Register.java" sourcepath="Register.java"/>
    </Field>
    <SourceLine classname="Register" start="8" end="8" startBytecode="6" endBytecode="6" sourcefile="Register.java" sourcepath="Register.java"/>
  </BugInstance>
  <BugInstance type="NM_METHOD_NAMING_CONVENTION" priority="2" rank="16" abbrev="Nm" category="BAD_PRACTICE" first="22">
    <Class classname="SecondSmallest">
      <SourceLine classname="SecondSmallest" sourcefile="SecondSmallest.java" sourcepath="SecondSmallest.java"/>
    </Class>
    <Method classname="SecondSmallest" name="Print2Smallest" signature="([I)V" isStatic="true">
      <SourceLine classname="SecondSmallest" start="9" end="41" startBytecode="0" endBytecode="333" sourcefile="SecondSmallest.java" sourcepath="SecondSmallest.java"/>
    </Method>
  </BugInstance>
  <BugInstance type="NM_METHOD_NAMING_CONVENTION" priority="3" rank="19" abbrev="Nm" category="BAD_PRACTICE" first="22">
    <Class classname="SecondSmallest">
      <SourceLine classname="SecondSmallest" sourcefile="SecondSmallest.java" sourcepath="SecondSmallest.java"/>
    </Class>
    <Method classname="SecondSmallest" name="Print2Smallest" signature="([I)V" isStatic="true">
      <SourceLine classname="SecondSmallest" start="9" end="41" startBytecode="0" endBytecode="333" sourcefile="SecondSmallest.java" sourcepath="SecondSmallest.java"/>
    </Method>
  </BugInstance>
  <BugInstance type="DM_DEFAULT_ENCODING" priority="1" rank="19" abbrev="Dm" category="I18N" first="1">
    <Class classname="SimpleWebServer">
      <SourceLine classname="SimpleWebServer" sourcefile="SimpleWebServer.java" sourcepath="SimpleWebServer.java"/>
    </Class>
    <Method classname="SimpleWebServer" name="processRequest" signature="(Ljava/net/Socket;)V" isStatic="false">
      <SourceLine classname="SimpleWebServer" start="48" end="83" startBytecode="0" endBytecode="324" sourcefile="SimpleWebServer.java" sourcepath="SimpleWebServer.java"/>
    </Method>
    <Method classname="java.io.InputStreamReader" name="&lt;init&gt;" signature="(Ljava/io/InputStream;)V" isStatic="false" role="METHOD_CALLED">
      <SourceLine classname="java.io.InputStreamReader"/>
    </Method>
    <SourceLine classname="SimpleWebServer" start="49" end="49" startBytecode="12" endBytecode="12" sourcefile="SimpleWebServer.java" sourcepath="SimpleWebServer.java"/>
    <SourceLine classname="SimpleWebServer" start="49" end="49" startBytecode="12" endBytecode="12" sourcefile="SimpleWebServer.java" sourcepath="SimpleWebServer.java"/>
  </BugInstance>
  <BugInstance type="DM_DEFAULT_ENCODING" priority="1" rank="19" abbrev="Dm" category="I18N" first="1">
    <Class classname="SimpleWebServer">
      <SourceLine classname="SimpleWebServer" sourcefile="SimpleWebServer.java" sourcepath="SimpleWebServer.java"/>
    </Class>
    <Method classname="SimpleWebServer" name="processRequest" signature="(Ljava/net/Socket;)V" isStatic="false">
      <SourceLine classname="SimpleWebServer" start="48" end="83" startBytecode="0" endBytecode="324" sourcefile="SimpleWebServer.java" sourcepath="SimpleWebServer.java"/>
    </Method>
    <Method classname="java.io.OutputStreamWriter" name="&lt;init&gt;" signature="(Ljava/io/OutputStream;)V" isStatic="false" role="METHOD_CALLED">
      <SourceLine classname="java.io.OutputStreamWriter"/>
    </Method>
    <SourceLine classname="SimpleWebServer" start="53" end="53" startBytecode="27" endBytecode="27" sourcefile="SimpleWebServer.java" sourcepath="SimpleWebServer.java"/>
    <SourceLine classname="SimpleWebServer" start="53" end="53" startBytecode="27" endBytecode="27" sourcefile="SimpleWebServer.java" sourcepath="SimpleWebServer.java"/>
  </BugInstance>
  <BugInstance type="DM_DEFAULT_ENCODING" priority="1" rank="19" abbrev="Dm" category="I18N" first="1">
    <Class classname="SimpleWebServer">
      <SourceLine classname="SimpleWebServer" sourcefile="SimpleWebServer.java" sourcepath="SimpleWebServer.java"/>
    </Class>
    <Method classname="SimpleWebServer" name="serveFile" signature="(Ljava/io/OutputStreamWriter;Ljava/lang/String;)V" isStatic="false">
      <SourceLine classname="SimpleWebServer" start="87" end="122" startBytecode="0" endBytecode="320" sourcefile="SimpleWebServer.java" sourcepath="SimpleWebServer.java"/>
    </Method>
    <Method classname="java.io.FileReader" name="&lt;init&gt;" signature="(Ljava/lang/String;)V" isStatic="false" role="METHOD_CALLED">
      <SourceLine classname="java.io.FileReader"/>
    </Method>
    <SourceLine classname="SimpleWebServer" start="103" end="103" startBytecode="47" endBytecode="47" sourcefile="SimpleWebServer.java" sourcepath="SimpleWebServer.java"/>
    <SourceLine classname="SimpleWebServer" start="103" end="103" startBytecode="47" endBytecode="47" sourcefile="SimpleWebServer.java" sourcepath="SimpleWebServer.java"/>
  </BugInstance>
  <BugInstance type="NP_DEREFERENCE_OF_READLINE_VALUE" priority="2" rank="15" abbrev="NP" category="STYLE" first="1">
    <Class classname="SimpleWebServer">
      <SourceLine classname="SimpleWebServer" sourcefile="SimpleWebServer.java" sourcepath="SimpleWebServer.java"/>
    </Class>
    <Method classname="SimpleWebServer" name="processRequest" signature="(Ljava/net/Socket;)V" isStatic="false">
      <SourceLine classname="SimpleWebServer" start="48" end="83" startBytecode="0" endBytecode="324" sourcefile="SimpleWebServer.java" sourcepath="SimpleWebServer.java"/>
    </Method>
    <LocalVariable name="request" register="4" pc="49" role="LOCAL_VARIABLE_VALUE_OF"/>
    <SourceLine classname="SimpleWebServer" start="63" end="63" startBytecode="51" endBytecode="51" sourcefile="SimpleWebServer.java" sourcepath="SimpleWebServer.java"/>
    <SourceLine classname="SimpleWebServer" start="63" end="63" startBytecode="51" endBytecode="51" sourcefile="SimpleWebServer.java" sourcepath="SimpleWebServer.java"/>
  </BugInstance>
  <BugInstance type="OBL_UNSATISFIED_OBLIGATION" priority="2" rank="20" abbrev="OBL" category="EXPERIMENTAL" first="1">
    <Class classname="SimpleWebServer">
      <SourceLine classname="SimpleWebServer" sourcefile="SimpleWebServer.java" sourcepath="SimpleWebServer.java"/>
    </Class>
    <Method classname="SimpleWebServer" name="serveFile" signature="(Ljava/io/OutputStreamWriter;Ljava/lang/String;)V" isStatic="false">
      <SourceLine classname="SimpleWebServer" start="87" end="122" startBytecode="0" endBytecode="320" sourcefile="SimpleWebServer.java" sourcepath="SimpleWebServer.java"/>
    </Method>
    <Class classname="java.io.Reader" role="CLASS_REFTYPE">
      <SourceLine classname="java.io.Reader"/>
    </Class>
    <Int value="1" role="INT_OBLIGATIONS_REMAINING"/>
    <SourceLine classname="SimpleWebServer" start="103" end="103" startBytecode="47" endBytecode="47" sourcefile="SimpleWebServer.java" sourcepath="SimpleWebServer.java" role="SOURCE_LINE_OBLIGATION_CREATED"/>
    <SourceLine classname="SimpleWebServer" start="104" end="104" startBytecode="51" endBytecode="51" sourcefile="SimpleWebServer.java" sourcepath="SimpleWebServer.java" role="SOURCE_LINE_PATH_CONTINUES"/>
    <SourceLine classname="SimpleWebServer" start="105" end="105" startBytecode="57" endBytecode="57" sourcefile="SimpleWebServer.java" sourcepath="SimpleWebServer.java" role="SOURCE_LINE_PATH_CONTINUES"/>
    <SourceLine classname="SimpleWebServer" start="116" end="116" startBytecode="69" endBytecode="69" sourcefile="SimpleWebServer.java" sourcepath="SimpleWebServer.java" role="SOURCE_LINE_PATH_CONTINUES"/>
    <SourceLine classname="SimpleWebServer" start="117" end="117" startBytecode="75" endBytecode="75" sourcefile="SimpleWebServer.java" sourcepath="SimpleWebServer.java" role="SOURCE_LINE_PATH_CONTINUES"/>
    <SourceLine classname="SimpleWebServer" start="121" end="121" startBytecode="99" endBytecode="99" sourcefile="SimpleWebServer.java" sourcepath="SimpleWebServer.java" role="SOURCE_LINE_PATH_CONTINUES"/>
    <SourceLine classname="SimpleWebServer" start="122" end="122" startBytecode="108" endBytecode="108" sourcefile="SimpleWebServer.java" sourcepath="SimpleWebServer.java" role="SOURCE_LINE_PATH_CONTINUES"/>
    <String value="{Reader x 1}" role="STRING_REMAINING_OBLIGATIONS"/>
  </BugInstance>
  <BugInstance type="OS_OPEN_STREAM" priority="2" rank="16" abbrev="OS" category="BAD_PRACTICE" first="1">
    <Class classname="SimpleWebServer">
      <SourceLine classname="SimpleWebServer" sourcefile="SimpleWebServer.java" sourcepath="SimpleWebServer.java"/>
    </Class>
    <Method classname="SimpleWebServer" name="serveFile" signature="(Ljava/io/OutputStreamWriter;Ljava/lang/String;)V" isStatic="false">
      <SourceLine classname="SimpleWebServer" start="87" end="122" startBytecode="0" endBytecode="56" sourcefile="SimpleWebServer.java" sourcepath="SimpleWebServer.java"/>
    </Method>
    <Type descriptor="Ljava/io/Reader;" role="TYPE_CLOSEIT">
      <SourceLine classname="java.io.Reader"/>
    </Type>
    <SourceLine classname="SimpleWebServer" start="103" end="103" startBytecode="42" endBytecode="42" sourcefile="SimpleWebServer.java" sourcepath="SimpleWebServer.java"/>
    <SourceLine classname="SimpleWebServer" start="103" end="103" startBytecode="42" endBytecode="42" sourcefile="SimpleWebServer.java" sourcepath="SimpleWebServer.java"/>
  </BugInstance>
  <BugInstance type="REC_CATCH_EXCEPTION" priority="3" rank="20" abbrev="REC" category="STYLE" first="1">
    <Class classname="SimpleWebServer">
      <SourceLine classname="SimpleWebServer" sourcefile="SimpleWebServer.java" sourcepath="SimpleWebServer.java"/>
    </Class>
    <Method classname="SimpleWebServer" name="serveFile" signature="(Ljava/io/OutputStreamWriter;Ljava/lang/String;)V" isStatic="false">
      <SourceLine classname="SimpleWebServer" start="87" end="122" startBytecode="0" endBytecode="320" sourcefile="SimpleWebServer.java" sourcepath="SimpleWebServer.java"/>
    </Method>
    <SourceLine classname="SimpleWebServer" start="106" end="106" startBytecode="60" endBytecode="60" sourcefile="SimpleWebServer.java" sourcepath="SimpleWebServer.java"/>
    <SourceLine classname="SimpleWebServer" start="106" end="106" startBytecode="60" endBytecode="60" sourcefile="SimpleWebServer.java" sourcepath="SimpleWebServer.java"/>
  </BugInstance>
  <BugInstance type="ST_WRITE_TO_STATIC_FROM_INSTANCE_METHOD" priority="1" rank="15" abbrev="ST" category="STYLE" first="1">
    <Class classname="SimpleWebServer">
      <SourceLine classname="SimpleWebServer" sourcefile="SimpleWebServer.java" sourcepath="SimpleWebServer.java"/>
    </Class>
    <Method classname="SimpleWebServer" name="&lt;init&gt;" signature="()V" isStatic="false">
      <SourceLine classname="SimpleWebServer" start="28" end="30" startBytecode="0" endBytecode="67" sourcefile="SimpleWebServer.java" sourcepath="SimpleWebServer.java"/>
    </Method>
    <Field classname="SimpleWebServer" name="dServerSocket" signature="Ljava/net/ServerSocket;" isStatic="true">
      <SourceLine classname="SimpleWebServer" sourcefile="SimpleWebServer.java" sourcepath="SimpleWebServer.java"/>
    </Field>
    <SourceLine classname="SimpleWebServer" start="29" end="29" startBytecode="14" endBytecode="14" sourcefile="SimpleWebServer.java" sourcepath="SimpleWebServer.java"/>
    <SourceLine classname="SimpleWebServer" start="29" end="29" startBytecode="14" endBytecode="14" sourcefile="SimpleWebServer.java" sourcepath="SimpleWebServer.java"/>
  </BugInstance>
  <Errors errors="0" missingClasses="0"></Errors>
  <FindBugsSummary timestamp="Sun, 25 Apr 2021 00:01:48 -0500" total_classes="1" referenced_classes="12" total_bugs="11" total_size="27" num_packages="1" java_version="1.8.0_291" vm_version="25.291-b10" cpu_seconds="15.73" clock_seconds="230.29" peak_mbytes="661.83" alloc_mbytes="1755.00" gc_seconds="0.07" priority_3="3" priority_2="4" priority_1="4">
    <PackageStats package="" total_bugs="11" total_types="3" total_size="27" priority_3="3" priority_2="4" priority_1="4">
      <ClassStats class="SecondSmallest" sourceFile="SecondSmallest.java" interface="false" size="27" bugs="2" priority_3="1" priority_2="1"/>
    </PackageStats>
    <FindBugsProfile>
      <ClassProfile name="edu.umd.cs.findbugs.classfile.engine.ClassInfoAnalysisEngine" totalMilliseconds="116" invocations="334" avgMicrosecondsPerInvocation="350" maxMicrosecondsPerInvocation="39367" standardDeviationMicrosecondsPerInvocation="2180"/>
      <ClassProfile name="de.tobject.findbugs.builder.FindBugs2Eclipse" totalMilliseconds="93" invocations="2" avgMicrosecondsPerInvocation="46680" maxMicrosecondsPerInvocation="80797" standardDeviationMicrosecondsPerInvocation="34116"/>
      <ClassProfile name="edu.umd.cs.findbugs.classfile.engine.ClassDataAnalysisEngine" totalMilliseconds="47" invocations="335" avgMicrosecondsPerInvocation="140" maxMicrosecondsPerInvocation="329" standardDeviationMicrosecondsPerInvocation="59"/>
      <ClassProfile name="edu.umd.cs.findbugs.detect.TestingGround" totalMilliseconds="26" invocations="1" avgMicrosecondsPerInvocation="26523" maxMicrosecondsPerInvocation="26523" standardDeviationMicrosecondsPerInvocation="0"/>
      <ClassProfile name="edu.umd.cs.findbugs.detect.FieldItemSummary" totalMilliseconds="12" invocations="12" avgMicrosecondsPerInvocation="1057" maxMicrosecondsPerInvocation="3633" standardDeviationMicrosecondsPerInvocation="1167"/>
      <ClassProfile name="edu.umd.cs.findbugs.OpcodeStack$JumpInfoFactory" totalMilliseconds="12" invocations="62" avgMicrosecondsPerInvocation="199" maxMicrosecondsPerInvocation="1238" standardDeviationMicrosecondsPerInvocation="227"/>
      <ClassProfile name="edu.umd.cs.findbugs.classfile.engine.bcel.JavaClassAnalysisEngine" totalMilliseconds="12" invocations="193" avgMicrosecondsPerInvocation="62" maxMicrosecondsPerInvocation="390" standardDeviationMicrosecondsPerInvocation="69"/>
      <ClassProfile name="edu.umd.cs.findbugs.util.TopologicalSort" totalMilliseconds="12" invocations="301" avgMicrosecondsPerInvocation="39" maxMicrosecondsPerInvocation="390" standardDeviationMicrosecondsPerInvocation="56"/>
    </FindBugsProfile>
  </FindBugsSummary>
  <ClassFeatures></ClassFeatures>
  <History>
    <AppVersion sequence="0" timestamp="1619149500588" release="" codeSize="0" numClasses="0"/>
    <AppVersion sequence="1" timestamp="1619149500589" release="" codeSize="54" numClasses="1"/>
    <AppVersion sequence="2" timestamp="1619150138814" release="" codeSize="32" numClasses="1"/>
    <AppVersion sequence="3" timestamp="1619150184889" release="" codeSize="32" numClasses="1"/>
    <AppVersion sequence="4" timestamp="1619151315671" release="" codeSize="32" numClasses="1"/>
    <AppVersion sequence="5" timestamp="1619151569858" release="" codeSize="33" numClasses="1"/>
    <AppVersion sequence="6" timestamp="1619151619635" release="" codeSize="33" numClasses="1"/>
    <AppVersion sequence="7" timestamp="1619151683520" release="" codeSize="33" numClasses="1"/>
    <AppVersion sequence="8" timestamp="1619152232820" release="" codeSize="33" numClasses="1"/>
    <AppVersion sequence="9" timestamp="1619152638798" release="" codeSize="27" numClasses="1"/>
    <AppVersion sequence="10" timestamp="1619152669914" release="" codeSize="27" numClasses="1"/>
    <AppVersion sequence="11" timestamp="1619152711439" release="" codeSize="27" numClasses="1"/>
    <AppVersion sequence="12" timestamp="1619152808267" release="" codeSize="27" numClasses="1"/>
    <AppVersion sequence="13" timestamp="1619152830031" release="" codeSize="27" numClasses="1"/>
    <AppVersion sequence="14" timestamp="1619325351336" release="" codeSize="27" numClasses="1"/>
    <AppVersion sequence="15" timestamp="1619325374511" release="" codeSize="27" numClasses="1"/>
    <AppVersion sequence="16" timestamp="1619325380855" release="" codeSize="27" numClasses="1"/>
    <AppVersion sequence="17" timestamp="1619325427687" release="" codeSize="27" numClasses="1"/>
    <AppVersion sequence="18" timestamp="1619325521831" release="" codeSize="9" numClasses="1"/>
    <AppVersion sequence="19" timestamp="1619325546197" release="" codeSize="54" numClasses="1"/>
    <AppVersion sequence="20" timestamp="1619326765980" release="" codeSize="27" numClasses="1"/>
    <AppVersion sequence="21" timestamp="1619326874367" release="" codeSize="9" numClasses="1"/>
  </History>
</BugCollection>
